Country,GDP_per_Capita,country_code
Japan,4296829629.464501,JPN
Korea,37433461363.15985,KOR
Indonesia,56787069733.50828,IDN
China,71131013.85871027,CHN
Singapore,80611736.063862,MYS
